date_reco;serial;client;contrat;type_livraison;client_code;modele_machine;marque;couleur;toner;ville;code_postal;jours_avant_rupture;date_rupture_estimee;priorite;commentaire
2026-02-04;;;CT002442;stock_seulement;;;;black;black;;;0;2026-02-02;1;Risque de rupture imminent
2026-02-04;;;CT002553;stock_seulement;;;;black;black;;;0;2026-02-02;1;Risque de rupture imminent
2026-02-04;;;CT002551;stock_seulement;;;;black;black;;;0;2026-02-02;1;Risque de rupture imminent
2026-02-04;;;CT002568;stock_seulement;;;;black;black;;;0;2026-02-02;1;Risque de rupture imminent
2026-02-04;;;CT002575;stock_seulement;;;;black;black;;;0;2026-02-02;1;Risque de rupture imminent
2026-02-04;;;CT002518;stock_seulement;;;;black;black;;;0;2026-02-02;1;Risque de rupture imminent
2026-02-04;;;CT002571;stock_seulement;;;;black;black;;;0;2026-02-02;1;Risque de rupture imminent
2026-02-04;;;CT002433;stock_seulement;;;;black;black;;;0;2026-02-02;1;Risque de rupture imminent
2026-02-04;;;CT001604;stock_seulement;;;;black;black;;;0;2026-02-02;1;Risque de rupture imminent
2026-02-04;;;CT002520;stock_seulement;;;;black;black;;;0;2026-02-02;1;Risque de rupture imminent
2026-02-04;;;CT002459;stock_seulement;;;;black;black;;;0;2026-02-02;1;Risque de rupture imminent
2026-02-04;;;CT002517;stock_seulement;;;;black;black;;;0;2026-02-02;1;Risque de rupture imminent
2026-02-04;;;CT002434;stock_seulement;;;;black;black;;;0;2026-02-02;1;Risque de rupture imminent
2026-02-04;;;CT002569;stock_seulement;;;;black;black;;;0;2026-02-02;1;Risque de rupture imminent
2026-02-04;;;CT002626;stock_seulement;;;;black;black;;;0;2026-02-02;1;Risque de rupture imminent
2026-02-04;;;CT002526;stock_seulement;;;;black;black;;;0;2026-02-02;1;Risque de rupture imminent
2026-02-04;;;CT000174;stock_seulement;;;;black;black;;;0;2026-02-02;1;Risque de rupture imminent
2026-02-04;;;CT003732;stock_seulement;;;;black;black;;;0;2026-02-02;1;Risque de rupture imminent
2026-02-04;;;CT001494;stock_seulement;;;;black;black;;;0;2026-02-02;1;Risque de rupture imminent
2026-02-04;;;CT003730;stock_seulement;;;;black;black;;;0;2026-02-02;1;Risque de rupture imminent
2026-02-04;;;CT005041;stock_seulement;;;;black;black;;;0;2026-02-02;1;Risque de rupture imminent
2026-02-04;;;STCT000962;stock_seulement;;;;black;black;;;0;2026-02-02;1;Risque de rupture imminent
2026-02-04;;;STCT000977;stock_seulement;;;;black;black;;;0;2026-02-02;1;Risque de rupture imminent
2026-02-04;;;STCT000856;stock_seulement;;;;black;black;;;0;2026-02-02;1;Risque de rupture imminent
2026-02-04;;;STCT000970;stock_seulement;;;;black;black;;;0;2026-02-02;1;Risque de rupture imminent
2026-02-04;;;CT002442;stock_seulement;;;;cyan;cyan;;;0;2026-02-03;1;Risque de rupture imminent
2026-02-04;;;CT002553;stock_seulement;;;;cyan;cyan;;;0;2026-02-03;1;Risque de rupture imminent
2026-02-04;;;CT002551;stock_seulement;;;;cyan;cyan;;;0;2026-02-03;1;Risque de rupture imminent
2026-02-04;;;CT002568;stock_seulement;;;;cyan;cyan;;;0;2026-02-03;1;Risque de rupture imminent
2026-02-04;;;CT002575;stock_seulement;;;;cyan;cyan;;;0;2026-02-03;1;Risque de rupture imminent
2026-02-04;;;CT002518;stock_seulement;;;;cyan;cyan;;;0;2026-02-03;1;Risque de rupture imminent
2026-02-04;;;CT002571;stock_seulement;;;;cyan;cyan;;;0;2026-02-03;1;Risque de rupture imminent
2026-02-04;;;CT002433;stock_seulement;;;;cyan;cyan;;;0;2026-02-03;1;Risque de rupture imminent
2026-02-04;;;CT001604;stock_seulement;;;;cyan;cyan;;;0;2026-02-03;1;Risque de rupture imminent
2026-02-04;;;CT002520;stock_seulement;;;;cyan;cyan;;;0;2026-02-03;1;Risque de rupture imminent
2026-02-04;;;CT002459;stock_seulement;;;;cyan;cyan;;;0;2026-02-03;1;Risque de rupture imminent
2026-02-04;;;CT002517;stock_seulement;;;;cyan;cyan;;;0;2026-02-03;1;Risque de rupture imminent
2026-02-04;;;CT002434;stock_seulement;;;;cyan;cyan;;;0;2026-02-03;1;Risque de rupture imminent
2026-02-04;;;CT002569;stock_seulement;;;;cyan;cyan;;;0;2026-02-03;1;Risque de rupture imminent
2026-02-04;;;CT002626;stock_seulement;;;;cyan;cyan;;;0;2026-02-03;1;Risque de rupture imminent
2026-02-04;;;CT002526;stock_seulement;;;;cyan;cyan;;;0;2026-02-03;1;Risque de rupture imminent
2026-02-04;;;CT000174;stock_seulement;;;;cyan;cyan;;;0;2026-02-03;1;Risque de rupture imminent
2026-02-04;;;CT003732;stock_seulement;;;;cyan;cyan;;;0;2026-02-03;1;Risque de rupture imminent
2026-02-04;;;CT001494;stock_seulement;;;;cyan;cyan;;;0;2026-02-03;1;Risque de rupture imminent
2026-02-04;;;CT003730;stock_seulement;;;;cyan;cyan;;;0;2026-02-03;1;Risque de rupture imminent
2026-02-04;;;CT005041;stock_seulement;;;;cyan;cyan;;;0;2026-02-03;1;Risque de rupture imminent
2026-02-04;;;STCT000962;stock_seulement;;;;cyan;cyan;;;0;2026-02-03;1;Risque de rupture imminent
2026-02-04;;;STCT000977;stock_seulement;;;;cyan;cyan;;;0;2026-02-03;1;Risque de rupture imminent
2026-02-04;;;STCT000856;stock_seulement;;;;cyan;cyan;;;0;2026-02-03;1;Risque de rupture imminent
2026-02-04;;;STCT000970;stock_seulement;;;;cyan;cyan;;;0;2026-02-03;1;Risque de rupture imminent
2026-02-04;;;CT002442;stock_seulement;;;;magenta;magenta;;;0;2026-01-26;1;Risque de rupture imminent
2026-02-04;;;CT002553;stock_seulement;;;;magenta;magenta;;;0;2026-01-26;1;Risque de rupture imminent
2026-02-04;;;CT002551;stock_seulement;;;;magenta;magenta;;;0;2026-01-26;1;Risque de rupture imminent
2026-02-04;;;CT002568;stock_seulement;;;;magenta;magenta;;;0;2026-01-26;1;Risque de rupture imminent
2026-02-04;;;CT002575;stock_seulement;;;;magenta;magenta;;;0;2026-01-26;1;Risque de rupture imminent
2026-02-04;;;CT002518;stock_seulement;;;;magenta;magenta;;;0;2026-01-26;1;Risque de rupture imminent
2026-02-04;;;CT002571;stock_seulement;;;;magenta;magenta;;;0;2026-01-26;1;Risque de rupture imminent
2026-02-04;;;CT002433;stock_seulement;;;;magenta;magenta;;;0;2026-01-26;1;Risque de rupture imminent
2026-02-04;;;CT001604;stock_seulement;;;;magenta;magenta;;;0;2026-01-26;1;Risque de rupture imminent
2026-02-04;;;CT002520;stock_seulement;;;;magenta;magenta;;;0;2026-01-26;1;Risque de rupture imminent
2026-02-04;;;CT002459;stock_seulement;;;;magenta;magenta;;;0;2026-01-26;1;Risque de rupture imminent
2026-02-04;;;CT002517;stock_seulement;;;;magenta;magenta;;;0;2026-01-26;1;Risque de rupture imminent
2026-02-04;;;CT002434;stock_seulement;;;;magenta;magenta;;;0;2026-01-26;1;Risque de rupture imminent
2026-02-04;;;CT002569;stock_seulement;;;;magenta;magenta;;;0;2026-01-26;1;Risque de rupture imminent
2026-02-04;;;CT002626;stock_seulement;;;;magenta;magenta;;;0;2026-01-26;1;Risque de rupture imminent
2026-02-04;;;CT002526;stock_seulement;;;;magenta;magenta;;;0;2026-01-26;1;Risque de rupture imminent
2026-02-04;;;CT000174;stock_seulement;;;;magenta;magenta;;;0;2026-01-26;1;Risque de rupture imminent
2026-02-04;;;CT003732;stock_seulement;;;;magenta;magenta;;;0;2026-01-26;1;Risque de rupture imminent
2026-02-04;;;CT001494;stock_seulement;;;;magenta;magenta;;;0;2026-01-26;1;Risque de rupture imminent
2026-02-04;;;CT003730;stock_seulement;;;;magenta;magenta;;;0;2026-01-26;1;Risque de rupture imminent
2026-02-04;;;CT005041;stock_seulement;;;;magenta;magenta;;;0;2026-01-26;1;Risque de rupture imminent
2026-02-04;;;STCT000962;stock_seulement;;;;magenta;magenta;;;0;2026-01-26;1;Risque de rupture imminent
2026-02-04;;;STCT000977;stock_seulement;;;;magenta;magenta;;;0;2026-01-26;1;Risque de rupture imminent
2026-02-04;;;STCT000856;stock_seulement;;;;magenta;magenta;;;0;2026-01-26;1;Risque de rupture imminent
2026-02-04;;;STCT000970;stock_seulement;;;;magenta;magenta;;;0;2026-01-26;1;Risque de rupture imminent
2026-02-04;;;CT002442;stock_seulement;;;;yellow;yellow;;;0;2026-01-23;1;Risque de rupture imminent
2026-02-04;;;CT002553;stock_seulement;;;;yellow;yellow;;;0;2026-01-23;1;Risque de rupture imminent
2026-02-04;;;CT002551;stock_seulement;;;;yellow;yellow;;;0;2026-01-23;1;Risque de rupture imminent
2026-02-04;;;CT002568;stock_seulement;;;;yellow;yellow;;;0;2026-01-23;1;Risque de rupture imminent
2026-02-04;;;CT002575;stock_seulement;;;;yellow;yellow;;;0;2026-01-23;1;Risque de rupture imminent
2026-02-04;;;CT002518;stock_seulement;;;;yellow;yellow;;;0;2026-01-23;1;Risque de rupture imminent
2026-02-04;;;CT002571;stock_seulement;;;;yellow;yellow;;;0;2026-01-23;1;Risque de rupture imminent
2026-02-04;;;CT002433;stock_seulement;;;;yellow;yellow;;;0;2026-01-23;1;Risque de rupture imminent
2026-02-04;;;CT001604;stock_seulement;;;;yellow;yellow;;;0;2026-01-23;1;Risque de rupture imminent
2026-02-04;;;CT002520;stock_seulement;;;;yellow;yellow;;;0;2026-01-23;1;Risque de rupture imminent
2026-02-04;;;CT002459;stock_seulement;;;;yellow;yellow;;;0;2026-01-23;1;Risque de rupture imminent
2026-02-04;;;CT002517;stock_seulement;;;;yellow;yellow;;;0;2026-01-23;1;Risque de rupture imminent
2026-02-04;;;CT002434;stock_seulement;;;;yellow;yellow;;;0;2026-01-23;1;Risque de rupture imminent
2026-02-04;;;CT002569;stock_seulement;;;;yellow;yellow;;;0;2026-01-23;1;Risque de rupture imminent
2026-02-04;;;CT002626;stock_seulement;;;;yellow;yellow;;;0;2026-01-23;1;Risque de rupture imminent
2026-02-04;;;CT002526;stock_seulement;;;;yellow;yellow;;;0;2026-01-23;1;Risque de rupture imminent
2026-02-04;;;CT000174;stock_seulement;;;;yellow;yellow;;;0;2026-01-23;1;Risque de rupture imminent
2026-02-04;;;CT003732;stock_seulement;;;;yellow;yellow;;;0;2026-01-23;1;Risque de rupture imminent
2026-02-04;;;CT001494;stock_seulement;;;;yellow;yellow;;;0;2026-01-23;1;Risque de rupture imminent
2026-02-04;;;CT003730;stock_seulement;;;;yellow;yellow;;;0;2026-01-23;1;Risque de rupture imminent
2026-02-04;;;CT005041;stock_seulement;;;;yellow;yellow;;;0;2026-01-23;1;Risque de rupture imminent
2026-02-04;;;STCT000962;stock_seulement;;;;yellow;yellow;;;0;2026-01-23;1;Risque de rupture imminent
2026-02-04;;;STCT000977;stock_seulement;;;;yellow;yellow;;;0;2026-01-23;1;Risque de rupture imminent
2026-02-04;;;STCT000856;stock_seulement;;;;yellow;yellow;;;0;2026-01-23;1;Risque de rupture imminent
2026-02-04;;;STCT000970;stock_seulement;;;;yellow;yellow;;;0;2026-01-23;1;Risque de rupture imminent
2026-02-04;115552;;CT003493;contrat_maintenance;;;;magenta;magenta;;;0;2026-01-27;1;Risque de rupture imminent
2026-02-04;115552;;CT003493;contrat_maintenance;;;;yellow;yellow;;;0;2026-01-29;1;Risque de rupture imminent
2026-02-04;210238;;CT004957;contrat_maintenance;;;;black;black;;;0;2026-02-04;1;Risque de rupture imminent
2026-02-04;3050311502;;STCT001041;contrat_maintenance;;;;black;black;;;0;2026-01-24;1;Risque de rupture imminent
2026-02-04;3050311502;;STCT001041;contrat_maintenance;;;;magenta;magenta;;;0;2026-01-22;1;Risque de rupture imminent
2026-02-04;3050311502;;STCT001041;contrat_maintenance;;;;yellow;yellow;;;0;2026-01-18;1;Risque de rupture imminent
2026-02-04;3050318280;;STCT000965;contrat_maintenance;;;;magenta;magenta;;;0;2026-01-30;1;Risque de rupture imminent
2026-02-04;3050911437;;STCT000942;contrat_maintenance;;;;cyan;cyan;;;0;2026-01-30;1;Risque de rupture imminent
2026-02-04;3356054066;;STCT000027;contrat_maintenance;;;;black;black;;;0;2026-01-26;1;Risque de rupture imminent
2026-02-04;3356054066;;STCT000027;contrat_maintenance;;;;yellow;yellow;;;0;2026-02-02;1;Risque de rupture imminent
2026-02-04;3356580833;;STCT000797;contrat_maintenance;;;;black;black;;;0;2026-02-01;1;Risque de rupture imminent
2026-02-04;3392613691;;CT000584;contrat_maintenance;;;;black;black;;;0;2025-03-31;1;Risque de rupture imminent
2026-02-04;3392613691;;CT000584;contrat_maintenance;;;;cyan;cyan;;;0;2025-07-23;1;Risque de rupture imminent
2026-02-04;3392613691;;CT000584;contrat_maintenance;;;;magenta;magenta;;;0;2025-09-03;1;Risque de rupture imminent
2026-02-04;3392613934;;CT000552;contrat_maintenance;;;;black;black;;;0;2025-09-02;1;Risque de rupture imminent
2026-02-04;3392613934;;CT000552;contrat_maintenance;;;;cyan;cyan;;;0;2025-06-14;1;Risque de rupture imminent
2026-02-04;3392613934;;CT000552;contrat_maintenance;;;;magenta;magenta;;;0;2025-04-29;1;Risque de rupture imminent
2026-02-04;3392613934;;CT000552;contrat_maintenance;;;;yellow;yellow;;;0;2025-08-11;1;Risque de rupture imminent
2026-02-04;3393123086;;STCT000194;contrat_maintenance;;;;black;black;;;0;2026-02-03;1;Risque de rupture imminent
2026-02-04;3395382593;;STCT000376;contrat_maintenance;;;;magenta;magenta;;;0;2026-01-31;1;Risque de rupture imminent
2026-02-04;3395382593;;STCT000376;contrat_maintenance;;;;yellow;yellow;;;0;2026-01-30;1;Risque de rupture imminent
2026-02-04;35N00735;;CT002846;contrat_maintenance;;;;yellow;yellow;;;0;2026-01-28;1;Risque de rupture imminent
2026-02-04;35N00736;;CT002845;contrat_maintenance;;;;cyan;cyan;;;0;2026-02-03;1;Risque de rupture imminent
2026-02-04;3712067488;;CT001462;contrat_maintenance;;;;cyan;cyan;;;0;2026-02-01;1;Risque de rupture imminent
2026-02-04;3712398760;;CT000781;contrat_maintenance;;;;black;black;;;0;2026-01-20;1;Risque de rupture imminent
2026-02-04;3712398760;;CT000781;contrat_maintenance;;;;cyan;cyan;;;0;2025-04-29;1;Risque de rupture imminent
2026-02-04;3712398760;;CT000781;contrat_maintenance;;;;magenta;magenta;;;0;2025-05-28;1;Risque de rupture imminent
2026-02-04;3712398760;;CT000781;contrat_maintenance;;;;yellow;yellow;;;0;2025-08-22;1;Risque de rupture imminent
2026-02-04;3712441720;;CT001281;contrat_maintenance;;;;cyan;cyan;;;0;2026-02-03;1;Risque de rupture imminent
2026-02-04;3712441720;;CT001281;contrat_maintenance;;;;magenta;magenta;;;0;2026-02-02;1;Risque de rupture imminent
2026-02-04;3712441720;;CT001281;contrat_maintenance;;;;yellow;yellow;;;0;2026-01-26;1;Risque de rupture imminent
2026-02-04;3717194070;;CT001441;contrat_maintenance;;;;magenta;magenta;;;0;2026-02-03;1;Risque de rupture imminent
2026-02-04;3717195336;;CT001179;contrat_maintenance;;;;cyan;cyan;;;0;2025-11-05;1;Risque de rupture imminent
2026-02-04;3717198289;;CT001079;contrat_maintenance;;;;yellow;yellow;;;0;2026-01-26;1;Risque de rupture imminent
2026-02-04;3717198351;;CT001141;contrat_maintenance;;;;yellow;yellow;;;0;2025-12-07;1;Risque de rupture imminent
2026-02-04;3742398551;;STCT000479;contrat_maintenance;;;;black;black;;;0;2026-02-02;1;Risque de rupture imminent
2026-02-04;3742607894;;STCT000922;contrat_maintenance;;;;black;black;;;0;2026-02-03;1;Risque de rupture imminent
2026-02-04;3742944688;;STCT000477;contrat_maintenance;;;;cyan;cyan;;;0;2026-02-03;1;Risque de rupture imminent
2026-02-04;3743004808;;STCT000853;contrat_maintenance;;;;cyan;cyan;;;0;2026-02-02;1;Risque de rupture imminent
2026-02-04;3743004808;;STCT000853;contrat_maintenance;;;;yellow;yellow;;;0;2026-02-04;1;Risque de rupture imminent
2026-02-04;3743021087;;STCT000901;contrat_maintenance;;;;yellow;yellow;;;0;2026-01-26;1;Risque de rupture imminent
2026-02-04;3746586336;;STCT000525;contrat_maintenance;;;;black;black;;;0;2026-02-02;1;Risque de rupture imminent
2026-02-04;3746586336;;STCT000525;contrat_maintenance;;;;cyan;cyan;;;0;2026-02-04;1;Risque de rupture imminent
2026-02-04;3746586336;;STCT000525;contrat_maintenance;;;;magenta;magenta;;;0;2026-01-28;1;Risque de rupture imminent
2026-02-04;3746616090;;STCT000730;contrat_maintenance;;;;cyan;cyan;;;0;2026-02-01;1;Risque de rupture imminent
2026-02-04;3746616090;;STCT000730;contrat_maintenance;;;;magenta;magenta;;;0;2026-01-28;1;Risque de rupture imminent
2026-02-04;3746641183;;STCT000850;contrat_maintenance;;;;yellow;yellow;;;0;2026-01-26;1;Risque de rupture imminent
2026-02-04;3771713784;;CT003019;contrat_maintenance;;;;yellow;yellow;;;0;2026-01-27;1;Risque de rupture imminent
2026-02-04;3774107982;;STCT000258;contrat_maintenance;;;;black;black;;;0;2025-12-03;1;Risque de rupture imminent
2026-02-04;3774107982;;STCT000258;contrat_maintenance;;;;cyan;cyan;;;0;2025-12-21;1;Risque de rupture imminent
2026-02-04;3774202535;;STCT000339;contrat_maintenance;;;;cyan;cyan;;;0;2026-02-03;1;Risque de rupture imminent
2026-02-04;3774202535;;STCT000339;contrat_maintenance;;;;magenta;magenta;;;0;2026-02-02;1;Risque de rupture imminent
2026-02-04;3774282970;;CT001501;contrat_maintenance;;;;magenta;magenta;;;0;2026-01-22;1;Risque de rupture imminent
2026-02-04;3774337678;;STCT000461;contrat_maintenance;;;;yellow;yellow;;;0;2026-01-27;1;Risque de rupture imminent
2026-02-04;3774381367;;CT001499;contrat_maintenance;;;;yellow;yellow;;;0;2026-01-29;1;Risque de rupture imminent
2026-02-04;3774395813;;CT001497;contrat_maintenance;;;;black;black;;;0;2026-01-24;1;Risque de rupture imminent
2026-02-04;3774395813;;CT001497;contrat_maintenance;;;;yellow;yellow;;;0;2026-01-30;1;Risque de rupture imminent
2026-02-04;3774417957;;STCT000641;contrat_maintenance;;;;cyan;cyan;;;0;2026-02-03;1;Risque de rupture imminent
2026-02-04;3775929730;;CT002967;contrat_maintenance;;;;cyan;cyan;;;0;2026-02-01;1;Risque de rupture imminent
2026-02-04;3941998274;;STCT000212;contrat_maintenance;;;;black;black;;;0;2026-01-31;1;Risque de rupture imminent
2026-02-04;3942053508;;STCT000355;contrat_maintenance;;;;cyan;cyan;;;0;2026-02-03;1;Risque de rupture imminent
2026-02-04;3942059506;;CT001433;contrat_maintenance;;;;cyan;cyan;;;0;2026-01-23;1;Risque de rupture imminent
2026-02-04;3942059506;;CT001433;contrat_maintenance;;;;magenta;magenta;;;0;2025-12-17;1;Risque de rupture imminent
2026-02-04;3942059506;;CT001433;contrat_maintenance;;;;yellow;yellow;;;0;2026-01-28;1;Risque de rupture imminent
2026-02-04;3990160588;;STCT000297;contrat_maintenance;;;;black;black;;;0;2026-01-31;1;Risque de rupture imminent
2026-02-04;3990243181;;STCT000412;contrat_maintenance;;;;black;black;;;0;2026-01-30;1;Risque de rupture imminent
2026-02-04;3MU04986;;;commande_simple;;;;yellow;yellow;;;0;2025-06-30;1;Risque de rupture imminent
2026-02-04;3NP03076;;;commande_simple;;;;cyan;cyan;;;0;2025-11-10;1;Risque de rupture imminent
2026-02-04;3NP03120;;CT003201;contrat_maintenance;;;;black;black;;;0;2025-04-01;1;Risque de rupture imminent
2026-02-04;3NP03120;;CT003201;contrat_maintenance;;;;cyan;cyan;;;0;2025-07-29;1;Risque de rupture imminent
2026-02-04;3NP03120;;CT003201;contrat_maintenance;;;;magenta;magenta;;;0;2025-08-19;1;Risque de rupture imminent
2026-02-04;3NP03120;;CT003201;contrat_maintenance;;;;yellow;yellow;;;0;2025-11-27;1;Risque de rupture imminent
2026-02-04;3TE05641;;CT002904;contrat_maintenance;;;;black;black;;;0;2024-11-17;1;Risque de rupture imminent
2026-02-04;3TE05641;;CT002904;contrat_maintenance;;;;cyan;cyan;;;0;2025-06-05;1;Risque de rupture imminent
2026-02-04;3TE05641;;CT002904;contrat_maintenance;;;;magenta;magenta;;;0;2025-06-02;1;Risque de rupture imminent
2026-02-04;3TE05641;;CT002904;contrat_maintenance;;;;yellow;yellow;;;0;2025-06-01;1;Risque de rupture imminent
2026-02-04;4BU06875;;CT001604;contrat_maintenance;;;;black;black;;;0;2026-01-19;1;Risque de rupture imminent
2026-02-04;5370630129;;STCT000970;contrat_maintenance;;;;yellow;yellow;;;0;2026-01-29;1;Risque de rupture imminent
2026-02-04;660748;;STCT000986;contrat_maintenance;;;;yellow;yellow;;;0;2026-01-25;1;Risque de rupture imminent
2026-02-04;660892;;CT005008;contrat_maintenance;;;;black;black;;;0;2026-02-03;1;Risque de rupture imminent
2026-02-04;JPBVJDM0SF;;;commande_simple;;;;black;black;;;0;2024-10-23;1;Risque de rupture imminent
2026-02-04;JPBVJDM0SF;;CT001637;contrat_maintenance;;;;black;black;;;0;2024-10-23;1;Risque de rupture imminent
2026-02-04;JPBVJDM0SF;;;commande_simple;;;;cyan;cyan;;;0;2024-11-20;1;Risque de rupture imminent
2026-02-04;JPBVJDM0SF;;CT001637;contrat_maintenance;;;;cyan;cyan;;;0;2024-11-20;1;Risque de rupture imminent
2026-02-04;JPBVJDM0SF;;;commande_simple;;;;magenta;magenta;;;0;2024-10-18;1;Risque de rupture imminent
2026-02-04;JPBVJDM0SF;;CT001637;contrat_maintenance;;;;magenta;magenta;;;0;2024-10-18;1;Risque de rupture imminent
2026-02-04;JPBVJDM0SF;;;commande_simple;;;;yellow;yellow;;;0;2024-10-18;1;Risque de rupture imminent
2026-02-04;JPBVJDM0SF;;CT001637;contrat_maintenance;;;;yellow;yellow;;;0;2024-10-18;1;Risque de rupture imminent
2026-02-04;JPBVK2604K;;CT001630;contrat_maintenance;;;;black;black;;;0;2025-02-05;1;Risque de rupture imminent
2026-02-04;JPBVK2604K;;CT001630;contrat_maintenance;;;;cyan;cyan;;;0;2025-03-14;1;Risque de rupture imminent
2026-02-04;JPBVK2604K;;CT001630;contrat_maintenance;;;;yellow;yellow;;;0;2025-05-15;1;Risque de rupture imminent
2026-02-04;JPBVK2604R;;CT001631;contrat_maintenance;;;;magenta;magenta;;;0;2025-11-22;1;Risque de rupture imminent
2026-02-04;JPBVK2604R;;CT001631;contrat_maintenance;;;;yellow;yellow;;;0;2025-11-19;1;Risque de rupture imminent
2026-02-04;JPBVK2604Z;;CT001632;contrat_maintenance;;;;black;black;;;0;2024-12-30;1;Risque de rupture imminent
2026-02-04;JPBVK2604Z;;CT001632;contrat_maintenance;;;;cyan;cyan;;;0;2025-04-11;1;Risque de rupture imminent
2026-02-04;JPBVK2604Z;;CT001632;contrat_maintenance;;;;magenta;magenta;;;0;2025-03-31;1;Risque de rupture imminent
2026-02-04;JPBVK2604Z;;CT001632;contrat_maintenance;;;;yellow;yellow;;;0;2025-07-19;1;Risque de rupture imminent
2026-02-04;JPBVK360SY;;CT001647;contrat_maintenance;;;;magenta;magenta;;;0;2025-08-05;1;Risque de rupture imminent
2026-02-04;JPBVK360T1;;CT001646;contrat_maintenance;;;;black;black;;;0;2025-05-13;1;Risque de rupture imminent
2026-02-04;JPBVK360T1;;CT001646;contrat_maintenance;;;;cyan;cyan;;;0;2025-08-04;1;Risque de rupture imminent
2026-02-04;JPBVK360T1;;CT001646;contrat_maintenance;;;;magenta;magenta;;;0;2025-03-22;1;Risque de rupture imminent
2026-02-04;JPBVK360T1;;CT001646;contrat_maintenance;;;;yellow;yellow;;;0;2024-10-09;1;Risque de rupture imminent
2026-02-04;JPBVK3N0TP;;CT001650;contrat_maintenance;;;;black;black;;;0;2025-04-29;1;Risque de rupture imminent
2026-02-04;JPBVK3N0TP;;CT001650;contrat_maintenance;;;;cyan;cyan;;;0;2025-06-15;1;Risque de rupture imminent
2026-02-04;JPBVK3N0TP;;CT001650;contrat_maintenance;;;;magenta;magenta;;;0;2024-12-28;1;Risque de rupture imminent
2026-02-04;JPBVK3N0TP;;CT001650;contrat_maintenance;;;;yellow;yellow;;;0;2025-08-02;1;Risque de rupture imminent
2026-02-04;JPBVK460SW;;CT001656;contrat_maintenance;;;;magenta;magenta;;;0;2024-10-29;1;Risque de rupture imminent
2026-02-04;JPBVK460T0;;CT001643;contrat_maintenance;;;;yellow;yellow;;;0;2025-06-27;1;Risque de rupture imminent
2026-02-04;JPBVK460T0;;CT001647;contrat_maintenance;;;;yellow;yellow;;;0;2025-06-27;1;Risque de rupture imminent
2026-02-04;JPBVK460VK;;CT001657;contrat_maintenance;;;;black;black;;;0;2025-04-12;1;Risque de rupture imminent
2026-02-04;JPBVK460VK;;CT001657;contrat_maintenance;;;;cyan;cyan;;;0;2025-08-20;1;Risque de rupture imminent
2026-02-04;JPBVK460VK;;CT001657;contrat_maintenance;;;;magenta;magenta;;;0;2024-10-16;1;Risque de rupture imminent
2026-02-04;JPBVK460VK;;CT001657;contrat_maintenance;;;;yellow;yellow;;;0;2025-07-31;1;Risque de rupture imminent
2026-02-04;JPBVK460VN;;CT001633;contrat_maintenance;;;;black;black;;;0;2024-09-10;1;Risque de rupture imminent
2026-02-04;JPBVK460VN;;CT001633;contrat_maintenance;;;;cyan;cyan;;;0;2024-07-07;1;Risque de rupture imminent
2026-02-04;JPBVK460VN;;CT001633;contrat_maintenance;;;;magenta;magenta;;;0;2024-09-20;1;Risque de rupture imminent
2026-02-04;JPBVK460VN;;CT001633;contrat_maintenance;;;;yellow;yellow;;;0;2024-06-18;1;Risque de rupture imminent
2026-02-04;JPBVK460W4;;CT001638;contrat_maintenance;;;;black;black;;;0;2025-03-02;1;Risque de rupture imminent
2026-02-04;JPBVK460W4;;CT001638;contrat_maintenance;;;;cyan;cyan;;;0;2025-11-11;1;Risque de rupture imminent
2026-02-04;JPBVK460W4;;CT001638;contrat_maintenance;;;;magenta;magenta;;;0;2025-08-09;1;Risque de rupture imminent
2026-02-04;JPBVK460W4;;CT001638;contrat_maintenance;;;;yellow;yellow;;;0;2025-10-07;1;Risque de rupture imminent
2026-02-04;JPBVK460XL;;CT001634;contrat_maintenance;;;;black;black;;;0;2024-03-10;1;Risque de rupture imminent
2026-02-04;JPBVK460XL;;CT001634;contrat_maintenance;;;;cyan;cyan;;;0;2024-04-05;1;Risque de rupture imminent
2026-02-04;JPBVK460XL;;CT001634;contrat_maintenance;;;;magenta;magenta;;;0;2024-04-01;1;Risque de rupture imminent
2026-02-04;JPBVK460XL;;CT001634;contrat_maintenance;;;;yellow;yellow;;;0;2024-04-05;1;Risque de rupture imminent
2026-02-04;KNDY16397;;CT003416;contrat_maintenance;;;;black;black;;;0;2024-09-24;1;Risque de rupture imminent
2026-02-04;X576062359;;CT002479;contrat_maintenance;;;;black;black;;;0;2026-02-02;1;Risque de rupture imminent
2026-02-04;X576087419;;;commande_simple;;;;yellow;yellow;;;0;2026-02-02;1;Risque de rupture imminent
2026-02-04;X576087419;;CT003107;contrat_maintenance;;;;yellow;yellow;;;0;2026-02-02;1;Risque de rupture imminent
2026-02-04;X576135787;;CT001634;contrat_maintenance;;;;black;black;;;0;2024-12-08;1;Risque de rupture imminent
2026-02-04;X576135787;;CT001634;contrat_maintenance;;;;cyan;cyan;;;0;2025-05-29;1;Risque de rupture imminent
2026-02-04;X576135787;;CT001634;contrat_maintenance;;;;magenta;magenta;;;0;2025-05-25;1;Risque de rupture imminent
2026-02-04;X576135787;;CT001634;contrat_maintenance;;;;yellow;yellow;;;0;2024-12-03;1;Risque de rupture imminent
2026-02-04;X576136429;;CT003132;contrat_maintenance;;;;magenta;magenta;;;0;2026-01-30;1;Risque de rupture imminent
2026-02-04;X576147888;;;commande_simple;;;;black;black;;;0;2026-01-20;1;Risque de rupture imminent
2026-02-04;X576147888;;;commande_simple;;;;cyan;cyan;;;0;2026-01-04;1;Risque de rupture imminent
2026-02-04;X576147888;;;commande_simple;;;;magenta;magenta;;;0;2025-12-09;1;Risque de rupture imminent
2026-02-04;X576147888;;;commande_simple;;;;yellow;yellow;;;0;2026-01-17;1;Risque de rupture imminent
2026-02-04;X576152189;;;commande_simple;;;;magenta;magenta;;;0;2026-02-02;1;Risque de rupture imminent
2026-02-04;X576152365;;;commande_simple;;;;black;black;;;0;2026-02-01;1;Risque de rupture imminent
2026-02-04;X576152850;;;commande_simple;;;;magenta;magenta;;;0;2026-01-29;1;Risque de rupture imminent
2026-02-04;X57H013328;;CT002732;contrat_maintenance;;;;cyan;cyan;;;0;2025-02-25;1;Risque de rupture imminent
2026-02-04;X57H013328;;CT002732;contrat_maintenance;;;;magenta;magenta;;;0;2024-08-18;1;Risque de rupture imminent
2026-02-04;X57H013328;;CT002732;contrat_maintenance;;;;yellow;yellow;;;0;2024-10-19;1;Risque de rupture imminent
2026-02-04;X57H013384;;CT002735;contrat_maintenance;;;;black;black;;;0;2024-06-27;1;Risque de rupture imminent
2026-02-04;X57H013384;;CT002735;contrat_maintenance;;;;cyan;cyan;;;0;2024-08-28;1;Risque de rupture imminent
2026-02-04;X57H013384;;CT002735;contrat_maintenance;;;;magenta;magenta;;;0;2024-09-05;1;Risque de rupture imminent
2026-02-04;X6GN007907;;CT002507;contrat_maintenance;;;;cyan;cyan;;;0;2025-11-06;1;Risque de rupture imminent
2026-02-04;X6GN007907;;CT002507;contrat_maintenance;;;;magenta;magenta;;;0;2025-10-15;1;Risque de rupture imminent
2026-02-04;X6GN008216;;;commande_simple;;;;black;black;;;0;2025-03-20;1;Risque de rupture imminent
2026-02-04;X6GN008216;;;commande_simple;;;;cyan;cyan;;;0;2025-02-10;1;Risque de rupture imminent
2026-02-04;X6GN008216;;;commande_simple;;;;yellow;yellow;;;0;2025-03-17;1;Risque de rupture imminent
2026-02-04;X6GN008367;;CT002517;contrat_maintenance;;;;black;black;;;0;2026-02-01;1;Risque de rupture imminent
2026-02-04;X6GN008969;;CT002531;contrat_maintenance;;;;black;black;;;0;2025-12-02;1;Risque de rupture imminent
2026-02-04;X6GN008969;;;commande_simple;;;;black;black;;;0;2025-12-02;1;Risque de rupture imminent
2026-02-04;X6GN008969;;CT000747;contrat_maintenance;;;;black;black;;;0;2025-12-02;1;Risque de rupture imminent
2026-02-04;X6GN008969;;CT002531;contrat_maintenance;;;;cyan;cyan;;;0;2025-12-02;1;Risque de rupture imminent
2026-02-04;X6GN008969;;;commande_simple;;;;cyan;cyan;;;0;2025-12-02;1;Risque de rupture imminent
2026-02-04;X6GN008969;;CT000747;contrat_maintenance;;;;cyan;cyan;;;0;2025-12-02;1;Risque de rupture imminent
2026-02-04;X6GN009498;;CT002545;contrat_maintenance;;;;black;black;;;0;2025-09-15;1;Risque de rupture imminent
2026-02-04;X6GN009498;;CT002545;contrat_maintenance;;;;cyan;cyan;;;0;2025-02-20;1;Risque de rupture imminent
2026-02-04;X6GN009498;;CT002545;contrat_maintenance;;;;magenta;magenta;;;0;2025-11-02;1;Risque de rupture imminent
2026-02-04;X6GN009511;;CT002551;contrat_maintenance;;;;cyan;cyan;;;0;2025-11-06;1;Risque de rupture imminent
2026-02-04;X6GN009511;;CT002551;contrat_maintenance;;;;magenta;magenta;;;0;2025-11-01;1;Risque de rupture imminent
2026-02-04;X6GN009512;;CT002553;contrat_maintenance;;;;black;black;;;0;2025-03-08;1;Risque de rupture imminent
2026-02-04;X6GN009512;;CT002553;contrat_maintenance;;;;cyan;cyan;;;0;2025-11-08;1;Risque de rupture imminent
2026-02-04;X6GN009512;;CT002553;contrat_maintenance;;;;magenta;magenta;;;0;2025-08-03;1;Risque de rupture imminent
2026-02-04;X6GN013504;;;commande_simple;;;;yellow;yellow;;;0;2025-12-27;1;Risque de rupture imminent
2026-02-04;X6GN013504;;CT003205;contrat_maintenance;;;;yellow;yellow;;;0;2025-12-27;1;Risque de rupture imminent
2026-02-04;X6GN013504;;CT004235;contrat_maintenance;;;;yellow;yellow;;;0;2025-12-27;1;Risque de rupture imminent
2026-02-04;X6GN014334;;CT002567;contrat_maintenance;;;;cyan;cyan;;;0;2026-01-19;1;Risque de rupture imminent
2026-02-04;X6GN014334;;CT002371;contrat_maintenance;;;;cyan;cyan;;;0;2026-01-19;1;Risque de rupture imminent
2026-02-04;X6GN015789;;CT002625;contrat_maintenance;;;;yellow;yellow;;;0;2025-12-18;1;Risque de rupture imminent
2026-02-04;X74R002733;;CT002568;contrat_maintenance;;;;magenta;magenta;;;0;2026-02-01;1;Risque de rupture imminent
2026-02-04;X74R003821;;CT002571;contrat_maintenance;;;;cyan;cyan;;;0;2025-10-12;1;Risque de rupture imminent
2026-02-04;X74R003821;;CT003445;contrat_maintenance;;;;cyan;cyan;;;0;2025-10-12;1;Risque de rupture imminent
2026-02-04;X74R003821;;CT002571;contrat_maintenance;;;;magenta;magenta;;;0;2025-09-20;1;Risque de rupture imminent
2026-02-04;X74R003821;;CT003445;contrat_maintenance;;;;magenta;magenta;;;0;2025-09-20;1;Risque de rupture imminent
2026-02-04;X74R003821;;CT002571;contrat_maintenance;;;;yellow;yellow;;;0;2025-10-18;1;Risque de rupture imminent
2026-02-04;X74R003821;;CT003445;contrat_maintenance;;;;yellow;yellow;;;0;2025-10-18;1;Risque de rupture imminent
2026-02-04;X74R004496;;CT003033;contrat_maintenance;;;;yellow;yellow;;;0;2026-02-02;1;Risque de rupture imminent
2026-02-04;X74R004509;;CT003034;contrat_maintenance;;;;magenta;magenta;;;0;2026-01-28;1;Risque de rupture imminent
2026-02-04;X74R005482;;CT004128;contrat_maintenance;;;;yellow;yellow;;;0;2026-01-31;1;Risque de rupture imminent
2026-02-04;X74R005540;;CT004131;contrat_maintenance;;;;cyan;cyan;;;0;2026-01-29;1;Risque de rupture imminent
2026-02-04;X74R005540;;CT004131;contrat_maintenance;;;;yellow;yellow;;;0;2026-01-26;1;Risque de rupture imminent
2026-02-04;X75G003015;;CT003555;contrat_maintenance;;;;cyan;cyan;;;0;2026-02-02;1;Risque de rupture imminent
2026-02-04;X75G003015;;CT003555;contrat_maintenance;;;;yellow;yellow;;;0;2026-01-30;1;Risque de rupture imminent
2026-02-04;XAUV000003;;;commande_simple;;;;yellow;yellow;;;0;2025-07-01;1;Risque de rupture imminent
2026-02-04;XAUV000003;;CT002670;contrat_maintenance;;;;yellow;yellow;;;0;2025-07-01;1;Risque de rupture imminent
2026-02-04;XAUV000031;;CT002797;contrat_maintenance;;;;magenta;magenta;;;0;2026-02-01;1;Risque de rupture imminent
2026-02-04;XAUV000052;;CT002803;contrat_maintenance;;;;yellow;yellow;;;0;2026-01-31;1;Risque de rupture imminent
2026-02-04;XAUV000300;;;commande_simple;;;;black;black;;;0;2024-07-21;1;Risque de rupture imminent
2026-02-04;XAUV000300;;CT002730;contrat_maintenance;;;;black;black;;;0;2024-07-21;1;Risque de rupture imminent
2026-02-04;XAUV000300;;;commande_simple;;;;cyan;cyan;;;0;2024-10-25;1;Risque de rupture imminent
2026-02-04;XAUV000300;;CT002730;contrat_maintenance;;;;cyan;cyan;;;0;2024-10-25;1;Risque de rupture imminent
2026-02-04;XAUV000300;;;commande_simple;;;;magenta;magenta;;;0;2024-06-23;1;Risque de rupture imminent
2026-02-04;XAUV000300;;CT002730;contrat_maintenance;;;;magenta;magenta;;;0;2024-06-23;1;Risque de rupture imminent
2026-02-04;XAUV000300;;;commande_simple;;;;yellow;yellow;;;0;2024-10-14;1;Risque de rupture imminent
2026-02-04;XAUV000300;;CT002730;contrat_maintenance;;;;yellow;yellow;;;0;2024-10-14;1;Risque de rupture imminent
2026-02-04;XAUV000804;;;commande_simple;;;;yellow;yellow;;;0;2026-01-26;1;Risque de rupture imminent
2026-02-04;XAUV000804;;CT002885;contrat_maintenance;;;;yellow;yellow;;;0;2026-01-26;1;Risque de rupture imminent
2026-02-04;XAUV001473;;CT002951;contrat_maintenance;;;;cyan;cyan;;;0;2026-02-03;1;Risque de rupture imminent
2026-02-04;XAUV001493;;CT003279;contrat_maintenance;;;;cyan;cyan;;;0;2026-02-04;1;Risque de rupture imminent
2026-02-04;XAUV001493;;CT003279;contrat_maintenance;;;;yellow;yellow;;;0;2026-01-30;1;Risque de rupture imminent
2026-02-04;XAUV002199;;CT002958;contrat_maintenance;;;;black;black;;;0;2026-02-03;1;Risque de rupture imminent
2026-02-04;XAUV002199;;CT002958;contrat_maintenance;;;;cyan;cyan;;;0;2026-02-04;1;Risque de rupture imminent
2026-02-04;XAUV002199;;CT002958;contrat_maintenance;;;;magenta;magenta;;;0;2026-01-26;1;Risque de rupture imminent
2026-02-04;XAUV004636;;;commande_simple;;;;black;black;;;0;2026-02-04;1;Risque de rupture imminent
2026-02-04;XAUV004636;;CT003190;contrat_maintenance;;;;black;black;;;0;2026-02-04;1;Risque de rupture imminent
2026-02-04;XAUV004866;;;commande_simple;;;;yellow;yellow;;;0;2026-01-26;1;Risque de rupture imminent
2026-02-04;XAUV004866;;CT003199;contrat_maintenance;;;;yellow;yellow;;;0;2026-01-26;1;Risque de rupture imminent
2026-02-04;XAUV005166;;CT003270;contrat_maintenance;;;;black;black;;;0;2025-07-31;1;Risque de rupture imminent
2026-02-04;XAUV005166;;CT003270;contrat_maintenance;;;;magenta;magenta;;;0;2024-10-05;1;Risque de rupture imminent
2026-02-04;XAUV005166;;CT003270;contrat_maintenance;;;;yellow;yellow;;;0;2025-05-26;1;Risque de rupture imminent
2026-02-04;XAUV005244;;;commande_simple;;;;cyan;cyan;;;0;2026-02-01;1;Risque de rupture imminent
2026-02-04;XAUV005244;;CT004318;contrat_maintenance;;;;cyan;cyan;;;0;2026-02-01;1;Risque de rupture imminent
2026-02-04;XAUV005244;;CT004238;contrat_maintenance;;;;cyan;cyan;;;0;2026-02-01;1;Risque de rupture imminent
2026-02-04;XAUV005414;;CT003089;contrat_maintenance;;;;yellow;yellow;;;0;2026-02-02;1;Risque de rupture imminent
2026-02-04;XAUV005421;;CT003066;contrat_maintenance;;;;black;black;;;0;2026-02-03;1;Risque de rupture imminent
2026-02-04;XAUV005424;;CT003059;contrat_maintenance;;;;magenta;magenta;;;0;2026-01-26;1;Risque de rupture imminent
2026-02-04;XAUV005830;;CT003507;contrat_maintenance;;;;black;black;;;0;2025-08-22;1;Risque de rupture imminent
2026-02-04;XAUV005830;;CT003507;contrat_maintenance;;;;cyan;cyan;;;0;2025-02-03;1;Risque de rupture imminent
2026-02-04;XAUV005830;;CT003507;contrat_maintenance;;;;magenta;magenta;;;0;2025-01-31;1;Risque de rupture imminent
2026-02-04;XAUV005830;;CT003507;contrat_maintenance;;;;yellow;yellow;;;0;2025-02-04;1;Risque de rupture imminent
2026-02-04;XAUV005831;;;commande_simple;;;;black;black;;;0;2025-09-03;1;Risque de rupture imminent
2026-02-04;XAUV005831;;CT003506;contrat_maintenance;;;;black;black;;;0;2025-09-03;1;Risque de rupture imminent
2026-02-04;XAUV005831;;;commande_simple;;;;magenta;magenta;;;0;2025-02-03;1;Risque de rupture imminent
2026-02-04;XAUV005831;;CT003506;contrat_maintenance;;;;magenta;magenta;;;0;2025-02-03;1;Risque de rupture imminent
2026-02-04;XAUV005833;;;commande_simple;;;;black;black;;;0;2026-02-02;1;Risque de rupture imminent
2026-02-04;XAUV005833;;CT003503;contrat_maintenance;;;;black;black;;;0;2026-02-02;1;Risque de rupture imminent
2026-02-04;XAUV005918;;CT003756;contrat_maintenance;;;;black;black;;;0;2026-02-02;1;Risque de rupture imminent
2026-02-04;XAUV005918;;CT003756;contrat_maintenance;;;;magenta;magenta;;;0;2026-02-04;1;Risque de rupture imminent
2026-02-04;XAUV006175;;;commande_simple;;;;black;black;;;0;2026-01-03;1;Risque de rupture imminent
2026-02-04;XAUV006175;;CT003401;contrat_maintenance;;;;black;black;;;0;2026-01-03;1;Risque de rupture imminent
2026-02-04;XAUV006175;;;commande_simple;;;;cyan;cyan;;;0;2025-10-24;1;Risque de rupture imminent
2026-02-04;XAUV006175;;CT003401;contrat_maintenance;;;;cyan;cyan;;;0;2025-10-24;1;Risque de rupture imminent
2026-02-04;XAUV006210;;;commande_simple;;;;black;black;;;0;2025-11-30;1;Risque de rupture imminent
2026-02-04;XAUV006210;;CT003440;contrat_maintenance;;;;black;black;;;0;2025-11-30;1;Risque de rupture imminent
2026-02-04;XAUV006210;;;commande_simple;;;;cyan;cyan;;;0;2025-05-13;1;Risque de rupture imminent
2026-02-04;XAUV006210;;CT003440;contrat_maintenance;;;;cyan;cyan;;;0;2025-05-13;1;Risque de rupture imminent
2026-02-04;XAUV006210;;;commande_simple;;;;magenta;magenta;;;0;2025-06-15;1;Risque de rupture imminent
2026-02-04;XAUV006210;;CT003440;contrat_maintenance;;;;magenta;magenta;;;0;2025-06-15;1;Risque de rupture imminent
2026-02-04;XAUV006210;;;commande_simple;;;;yellow;yellow;;;0;2025-05-14;1;Risque de rupture imminent
2026-02-04;XAUV006210;;CT003440;contrat_maintenance;;;;yellow;yellow;;;0;2025-05-14;1;Risque de rupture imminent
2026-02-04;XAUV006255;;;commande_simple;;;;cyan;cyan;;;0;2026-02-02;1;Risque de rupture imminent
2026-02-04;XAUV006255;;CT003436;contrat_maintenance;;;;cyan;cyan;;;0;2026-02-02;1;Risque de rupture imminent
2026-02-04;XAUV006255;;;commande_simple;;;;yellow;yellow;;;0;2026-01-28;1;Risque de rupture imminent
2026-02-04;XAUV006255;;CT003436;contrat_maintenance;;;;yellow;yellow;;;0;2026-01-28;1;Risque de rupture imminent
2026-02-04;XAUV006367;;CT003134;contrat_maintenance;;;;magenta;magenta;;;0;2026-01-29;1;Risque de rupture imminent
2026-02-04;XAUV006367;;CT003134;contrat_maintenance;;;;yellow;yellow;;;0;2026-01-30;1;Risque de rupture imminent
2026-02-04;XAUV006444;;CT003072;contrat_maintenance;;;;black;black;;;0;2026-02-03;1;Risque de rupture imminent
2026-02-04;XAUV007459;;;commande_simple;;;;black;black;;;0;2025-08-08;1;Risque de rupture imminent
2026-02-04;XAUV007459;;CT003361;contrat_maintenance;;;;black;black;;;0;2025-08-08;1;Risque de rupture imminent
2026-02-04;XAUV007459;;;commande_simple;;;;yellow;yellow;;;0;2025-11-27;1;Risque de rupture imminent
2026-02-04;XAUV007459;;CT003361;contrat_maintenance;;;;yellow;yellow;;;0;2025-11-27;1;Risque de rupture imminent
2026-02-04;XAUV007643;;;commande_simple;;;;magenta;magenta;;;0;2026-01-30;1;Risque de rupture imminent
2026-02-04;XAUV007643;;CT004210;contrat_maintenance;;;;magenta;magenta;;;0;2026-01-30;1;Risque de rupture imminent
2026-02-04;XAUV007643;;;commande_simple;;;;yellow;yellow;;;0;2026-01-30;1;Risque de rupture imminent
2026-02-04;XAUV007643;;CT004210;contrat_maintenance;;;;yellow;yellow;;;0;2026-01-30;1;Risque de rupture imminent
2026-02-04;XAUV007757;;CT003119;contrat_maintenance;;;;yellow;yellow;;;0;2026-01-31;1;Risque de rupture imminent
2026-02-04;XAUV011797;;;commande_simple;;;;black;black;;;0;2026-02-02;1;Risque de rupture imminent
2026-02-04;XAUV011797;;CT003888;contrat_maintenance;;;;black;black;;;0;2026-02-02;1;Risque de rupture imminent
2026-02-04;XAUV011797;;;commande_simple;;;;magenta;magenta;;;0;2026-01-29;1;Risque de rupture imminent
2026-02-04;XAUV011797;;CT003888;contrat_maintenance;;;;magenta;magenta;;;0;2026-01-29;1;Risque de rupture imminent
2026-02-04;XAUV013074;;;commande_simple;;;;yellow;yellow;;;0;2026-01-23;1;Risque de rupture imminent
2026-02-04;XAUV013215;;;commande_simple;;;;magenta;magenta;;;0;2026-02-04;1;Risque de rupture imminent
2026-02-04;XAUV013215;;CT003783;contrat_maintenance;;;;magenta;magenta;;;0;2026-02-04;1;Risque de rupture imminent
2026-02-04;XAUV013217;;CT003908;contrat_maintenance;;;;magenta;magenta;;;0;2026-02-01;1;Risque de rupture imminent
2026-02-04;XAUV013218;;CT003784;contrat_maintenance;;;;black;black;;;0;2026-02-01;1;Risque de rupture imminent
2026-02-04;XAUV013218;;CT003784;contrat_maintenance;;;;magenta;magenta;;;0;2026-01-27;1;Risque de rupture imminent
2026-02-04;XAUV013218;;CT003784;contrat_maintenance;;;;yellow;yellow;;;0;2026-01-26;1;Risque de rupture imminent
2026-02-04;XAUV014268;;CT003572;contrat_maintenance;;;;yellow;yellow;;;0;2026-02-01;1;Risque de rupture imminent
2026-02-04;XAUV014329;;;commande_simple;;;;cyan;cyan;;;0;2026-02-02;1;Risque de rupture imminent
2026-02-04;XAUV014329;;;commande_simple;;;;magenta;magenta;;;0;2026-02-02;1;Risque de rupture imminent
2026-02-04;XAUV014329;;;commande_simple;;;;yellow;yellow;;;0;2026-02-02;1;Risque de rupture imminent
2026-02-04;XAUV014373;;CT003753;contrat_maintenance;;;;cyan;cyan;;;0;2026-02-03;1;Risque de rupture imminent
2026-02-04;XAUV014382;;;commande_simple;;;;cyan;cyan;;;0;2025-12-20;1;Risque de rupture imminent
2026-02-04;XAUV014382;;CT005068;contrat_maintenance;;;;cyan;cyan;;;0;2025-12-20;1;Risque de rupture imminent
2026-02-04;XAUV014382;;;commande_simple;;;;magenta;magenta;;;0;2026-01-18;1;Risque de rupture imminent
2026-02-04;XAUV014382;;CT005068;contrat_maintenance;;;;magenta;magenta;;;0;2026-01-18;1;Risque de rupture imminent
2026-02-04;XAUV014382;;;commande_simple;;;;yellow;yellow;;;0;2025-12-11;1;Risque de rupture imminent
2026-02-04;XAUV014382;;CT005068;contrat_maintenance;;;;yellow;yellow;;;0;2025-12-11;1;Risque de rupture imminent
2026-02-04;XAUV014432;;CT004149;contrat_maintenance;;;;magenta;magenta;;;0;2026-01-31;1;Risque de rupture imminent
2026-02-04;XAUV014673;;CT003867;contrat_maintenance;;;;cyan;cyan;;;0;2026-02-02;1;Risque de rupture imminent
2026-02-04;XAUV014703;;;commande_simple;;;;black;black;;;0;2026-01-30;1;Risque de rupture imminent
2026-02-04;XAUV014703;;;commande_simple;;;;cyan;cyan;;;0;2026-02-03;1;Risque de rupture imminent
2026-02-04;XAUV014703;;;commande_simple;;;;magenta;magenta;;;0;2026-01-26;1;Risque de rupture imminent
2026-02-04;XAUV014703;;;commande_simple;;;;yellow;yellow;;;0;2026-01-26;1;Risque de rupture imminent
2026-02-04;XAUV014770;;;commande_simple;;;;cyan;cyan;;;0;2026-02-02;1;Risque de rupture imminent
2026-02-04;XAUV014772;;;commande_simple;;;;magenta;magenta;;;0;2026-01-31;1;Risque de rupture imminent
2026-02-04;XAUV014772;;CT003900;contrat_maintenance;;;;magenta;magenta;;;0;2026-01-31;1;Risque de rupture imminent
2026-02-04;XAUV015003;;;commande_simple;;;;magenta;magenta;;;0;2026-01-27;1;Risque de rupture imminent
2026-02-04;XAUV015003;;;commande_simple;;;;yellow;yellow;;;0;2026-01-26;1;Risque de rupture imminent
2026-02-04;XAUV015082;;;commande_simple;;;;cyan;cyan;;;0;2026-02-01;1;Risque de rupture imminent
2026-02-04;XAUV015082;;;commande_simple;;;;magenta;magenta;;;0;2026-01-29;1;Risque de rupture imminent
2026-02-04;XAUV015082;;;commande_simple;;;;yellow;yellow;;;0;2026-01-28;1;Risque de rupture imminent
2026-02-04;XAUV015108;;;commande_simple;;;;black;black;;;0;2026-02-03;1;Risque de rupture imminent
2026-02-04;XAUV015126;;;commande_simple;;;;yellow;yellow;;;0;2026-02-04;1;Risque de rupture imminent
2026-02-04;XAUV015203;;;commande_simple;;;;yellow;yellow;;;0;2026-02-04;1;Risque de rupture imminent
2026-02-04;XAUV016069;;;commande_simple;;;;cyan;cyan;;;0;2026-02-02;1;Risque de rupture imminent
2026-02-04;XAUV016069;;;commande_simple;;;;yellow;yellow;;;0;2026-02-01;1;Risque de rupture imminent
2026-02-04;XAUV016222;;CT005220;contrat_maintenance;;;;black;black;;;0;2026-02-02;1;Risque de rupture imminent
2026-02-04;XAUV016222;;CT005220;contrat_maintenance;;;;cyan;cyan;;;0;2026-02-01;1;Risque de rupture imminent
2026-02-04;XAUV016239;;;commande_simple;;;;cyan;cyan;;;0;2026-02-04;1;Risque de rupture imminent
2026-02-04;XAUV016373;;;commande_simple;;;;yellow;yellow;;;0;2026-02-01;1;Risque de rupture imminent
2026-02-04;XAUV016638;;;commande_simple;;;;black;black;;;0;2026-02-01;1;Risque de rupture imminent
2026-02-04;XAUV016648;;CT005042;contrat_maintenance;;;;black;black;;;0;2026-02-03;1;Risque de rupture imminent
2026-02-04;XAUV016682;;CT005170;contrat_maintenance;;;;black;black;;;0;2026-02-02;1;Risque de rupture imminent
2026-02-04;XAUV016898;;;commande_simple;;;;black;black;;;0;2026-02-02;1;Risque de rupture imminent
2026-02-04;XAUV016898;;;commande_simple;;;;cyan;cyan;;;0;2026-01-29;1;Risque de rupture imminent
2026-02-04;XAUV016898;;;commande_simple;;;;magenta;magenta;;;0;2026-01-28;1;Risque de rupture imminent
2026-02-04;XAUV016898;;;commande_simple;;;;yellow;yellow;;;0;2026-01-29;1;Risque de rupture imminent
2026-02-04;XAUV018018;;;commande_simple;;;;cyan;cyan;;;0;2026-01-31;1;Risque de rupture imminent
2026-02-04;XAUV018238;;;commande_simple;;;;black;black;;;0;2026-01-28;1;Risque de rupture imminent
2026-02-04;XAUV018240;;;commande_simple;;;;black;black;;;0;2026-02-01;1;Risque de rupture imminent
2026-02-04;XAUV018398;;;commande_simple;;;;black;black;;;0;2026-01-28;1;Risque de rupture imminent
2026-02-04;XAUV018398;;;commande_simple;;;;cyan;cyan;;;0;2026-02-04;1;Risque de rupture imminent
2026-02-04;XAUV018398;;;commande_simple;;;;magenta;magenta;;;0;2026-01-26;1;Risque de rupture imminent
2026-02-04;XAUV018398;;;commande_simple;;;;yellow;yellow;;;0;2026-01-27;1;Risque de rupture imminent
2026-02-04;XAUV018479;;;commande_simple;;;;black;black;;;0;2026-01-30;1;Risque de rupture imminent
2026-02-04;XAUV018480;;;commande_simple;;;;cyan;cyan;;;0;2026-01-29;1;Risque de rupture imminent
2026-02-04;XAUV018480;;;commande_simple;;;;magenta;magenta;;;0;2026-01-29;1;Risque de rupture imminent
2026-02-04;XAUV018480;;;commande_simple;;;;yellow;yellow;;;0;2026-01-27;1;Risque de rupture imminent
2026-02-04;XAUV018760;;;commande_simple;;;;black;black;;;0;2026-01-31;1;Risque de rupture imminent
2026-02-04;XAUV018760;;;commande_simple;;;;cyan;cyan;;;0;2026-01-31;1;Risque de rupture imminent
2026-02-04;XAUV018760;;;commande_simple;;;;yellow;yellow;;;0;2026-01-29;1;Risque de rupture imminent
2026-02-04;XAUV018781;;;commande_simple;;;;black;black;;;0;2026-01-29;1;Risque de rupture imminent
2026-02-04;XAUV018781;;;commande_simple;;;;cyan;cyan;;;0;2026-01-30;1;Risque de rupture imminent
2026-02-04;XAUV018781;;;commande_simple;;;;magenta;magenta;;;0;2026-01-26;1;Risque de rupture imminent
2026-02-04;XAUV018781;;;commande_simple;;;;yellow;yellow;;;0;2026-01-25;1;Risque de rupture imminent
2026-02-04;XAUV018842;;;commande_simple;;;;black;black;;;0;2026-01-30;1;Risque de rupture imminent
2026-02-04;XAUV019071;;;commande_simple;;;;black;black;;;0;2026-01-29;1;Risque de rupture imminent
2026-02-04;XAUV019071;;;commande_simple;;;;magenta;magenta;;;0;2026-02-03;1;Risque de rupture imminent
2026-02-04;XAUV019071;;;commande_simple;;;;yellow;yellow;;;0;2026-02-02;1;Risque de rupture imminent
2026-02-04;XAUV019109;;;commande_simple;;;;black;black;;;0;2026-01-29;1;Risque de rupture imminent
2026-02-04;XAUV019109;;;commande_simple;;;;magenta;magenta;;;0;2026-01-28;1;Risque de rupture imminent
2026-02-04;XAUV019109;;;commande_simple;;;;yellow;yellow;;;0;2026-01-28;1;Risque de rupture imminent
2026-02-04;XAUV019110;;;commande_simple;;;;black;black;;;0;2026-01-27;1;Risque de rupture imminent
2026-02-04;XAUV019110;;;commande_simple;;;;magenta;magenta;;;0;2026-01-26;1;Risque de rupture imminent
2026-02-04;XAUV019110;;;commande_simple;;;;yellow;yellow;;;0;2026-01-25;1;Risque de rupture imminent
2026-02-04;XAUV019196;;;commande_simple;;;;cyan;cyan;;;0;2026-01-29;1;Risque de rupture imminent
2026-02-04;XAV6000015;;;commande_simple;;;;cyan;cyan;;;0;2026-01-06;1;Risque de rupture imminent
2026-02-04;XAV6000015;;CT002681;contrat_maintenance;;;;cyan;cyan;;;0;2026-01-06;1;Risque de rupture imminent
2026-02-04;XAV6000015;;;commande_simple;;;;yellow;yellow;;;0;2026-01-11;1;Risque de rupture imminent
2026-02-04;XAV6000015;;CT002681;contrat_maintenance;;;;yellow;yellow;;;0;2026-01-11;1;Risque de rupture imminent
2026-02-04;XAV6002967;;;commande_simple;;;;black;black;;;0;2026-02-01;1;Risque de rupture imminent
2026-02-04;XAV6002967;;CT004125;contrat_maintenance;;;;black;black;;;0;2026-02-01;1;Risque de rupture imminent
2026-02-04;XAV6002967;;;commande_simple;;;;magenta;magenta;;;0;2026-01-27;1;Risque de rupture imminent
2026-02-04;XAV6002967;;CT004125;contrat_maintenance;;;;magenta;magenta;;;0;2026-01-27;1;Risque de rupture imminent
2026-02-04;XAV6002967;;;commande_simple;;;;yellow;yellow;;;0;2026-01-27;1;Risque de rupture imminent
2026-02-04;XAV6002967;;CT004125;contrat_maintenance;;;;yellow;yellow;;;0;2026-01-27;1;Risque de rupture imminent
2026-02-04;XAV6002983;;;commande_simple;;;;cyan;cyan;;;0;2026-02-01;1;Risque de rupture imminent
2026-02-04;XAV6002983;;CT004097;contrat_maintenance;;;;cyan;cyan;;;0;2026-02-01;1;Risque de rupture imminent
2026-02-04;XAV6002988;;;commande_simple;;;;cyan;cyan;;;0;2026-02-04;1;Risque de rupture imminent
2026-02-04;XAV6002988;;CT004114;contrat_maintenance;;;;cyan;cyan;;;0;2026-02-04;1;Risque de rupture imminent
2026-02-04;XAV6003000;;;commande_simple;;;;yellow;yellow;;;0;2026-02-03;1;Risque de rupture imminent
2026-02-04;XAV6003000;;CT004117;contrat_maintenance;;;;yellow;yellow;;;0;2026-02-03;1;Risque de rupture imminent
2026-02-04;XAV6003016;;;commande_simple;;;;magenta;magenta;;;0;2026-01-31;1;Risque de rupture imminent
2026-02-04;XAV6003016;;CT004106;contrat_maintenance;;;;magenta;magenta;;;0;2026-01-31;1;Risque de rupture imminent
2026-02-04;XAV6003220;;;commande_simple;;;;cyan;cyan;;;0;2026-01-31;1;Risque de rupture imminent
2026-02-04;XAV6003220;;CT004123;contrat_maintenance;;;;cyan;cyan;;;0;2026-01-31;1;Risque de rupture imminent
2026-02-04;XAV6003220;;;commande_simple;;;;magenta;magenta;;;0;2026-02-01;1;Risque de rupture imminent
2026-02-04;XAV6003220;;CT004123;contrat_maintenance;;;;magenta;magenta;;;0;2026-02-01;1;Risque de rupture imminent
2026-02-04;XAV6003363;;;commande_simple;;;;black;black;;;0;2026-02-02;1;Risque de rupture imminent
2026-02-04;XAV6003363;;CT004126;contrat_maintenance;;;;black;black;;;0;2026-02-02;1;Risque de rupture imminent
2026-02-04;XAV6003363;;;commande_simple;;;;cyan;cyan;;;0;2026-02-03;1;Risque de rupture imminent
2026-02-04;XAV6003363;;CT004126;contrat_maintenance;;;;cyan;cyan;;;0;2026-02-03;1;Risque de rupture imminent
2026-02-04;XAV6003363;;;commande_simple;;;;magenta;magenta;;;0;2026-01-30;1;Risque de rupture imminent
2026-02-04;XAV6003363;;CT004126;contrat_maintenance;;;;magenta;magenta;;;0;2026-01-30;1;Risque de rupture imminent
2026-02-04;XAVG000062;;;commande_simple;;;;yellow;yellow;;;0;2026-01-30;1;Risque de rupture imminent
2026-02-04;XAVG000062;;CT001367;contrat_maintenance;;;;yellow;yellow;;;0;2026-01-30;1;Risque de rupture imminent
2026-02-04;XAVG000062;;CT004092;contrat_maintenance;;;;yellow;yellow;;;0;2026-01-30;1;Risque de rupture imminent
2026-02-04;XAVG000133;;;commande_simple;;;;black;black;;;0;2025-03-29;1;Risque de rupture imminent
2026-02-04;XAVG000133;;;commande_simple;;;;cyan;cyan;;;0;2025-01-24;1;Risque de rupture imminent
2026-02-04;XAVG000133;;;commande_simple;;;;magenta;magenta;;;0;2025-03-05;1;Risque de rupture imminent
2026-02-04;XAVG000133;;;commande_simple;;;;yellow;yellow;;;0;2025-02-13;1;Risque de rupture imminent
2026-02-04;XAVG000919;;;commande_simple;;;;magenta;magenta;;;0;2026-01-18;1;Risque de rupture imminent
2026-02-04;XAVG000919;;CT004115;contrat_maintenance;;;;magenta;magenta;;;0;2026-01-18;1;Risque de rupture imminent
2026-02-04;XAVG000927;;CT004763;contrat_maintenance;;;;cyan;cyan;;;0;2026-02-03;1;Risque de rupture imminent
2026-02-04;XAVG000927;;CT004102;contrat_maintenance;;;;cyan;cyan;;;0;2026-02-03;1;Risque de rupture imminent
2026-02-04;XAVG000929;;CT004095;contrat_maintenance;;;;yellow;yellow;;;0;2026-01-19;1;Risque de rupture imminent
2026-02-04;XAVG000931;;;commande_simple;;;;black;black;;;0;2026-02-04;1;Risque de rupture imminent
2026-02-04;XAVG000931;;CT004914;contrat_maintenance;;;;black;black;;;0;2026-02-04;1;Risque de rupture imminent
2026-02-04;XAVG000946;;CT004099;contrat_maintenance;;;;black;black;;;0;2026-02-01;1;Risque de rupture imminent
2026-02-04;XAVG000946;;CT004099;contrat_maintenance;;;;yellow;yellow;;;0;2026-01-27;1;Risque de rupture imminent
2026-02-04;XBRT001472;;CT003568;contrat_maintenance;;;;yellow;yellow;;;0;2026-02-03;1;Risque de rupture imminent
2026-02-04;XBRT002848;;CT003708;contrat_maintenance;;;;black;black;;;0;2026-02-03;1;Risque de rupture imminent
2026-02-04;XCUX024744;;CT005083;contrat_maintenance;;;;cyan;cyan;;;0;2026-01-31;1;Risque de rupture imminent
2026-02-04;XCUX024744;;CT005083;contrat_maintenance;;;;yellow;yellow;;;0;2026-01-29;1;Risque de rupture imminent
2026-02-04;XCUX039818;;CT005254;contrat_maintenance;;;;black;black;;;0;2026-02-03;1;Risque de rupture imminent
2026-02-04;XCUX039818;;CT005254;contrat_maintenance;;;;magenta;magenta;;;0;2026-02-01;1;Risque de rupture imminent
2026-02-04;35N00736;;CT002845;contrat_maintenance;;;;black;black;;;1;2026-02-05;1;Risque de rupture imminent
2026-02-04;35N00736;;CT002845;contrat_maintenance;;;;yellow;yellow;;;1;2026-02-05;1;Risque de rupture imminent
2026-02-04;35N00738;;CT002844;contrat_maintenance;;;;magenta;magenta;;;1;2026-02-05;1;Risque de rupture imminent
2026-02-04;3774202535;;STCT000339;contrat_maintenance;;;;yellow;yellow;;;1;2026-02-05;1;Risque de rupture imminent
2026-02-04;3774311342;;STCT000493;contrat_maintenance;;;;black;black;;;1;2026-02-05;1;Risque de rupture imminent
2026-02-04;3990116660;;STCT000249;contrat_maintenance;;;;cyan;cyan;;;1;2026-02-05;1;Risque de rupture imminent
2026-02-04;X576136429;;CT003132;contrat_maintenance;;;;cyan;cyan;;;1;2026-02-05;1;Risque de rupture imminent
2026-02-04;XAUV000052;;CT002803;contrat_maintenance;;;;magenta;magenta;;;1;2026-02-05;1;Risque de rupture imminent
2026-02-04;XAUV005400;;CT003099;contrat_maintenance;;;;cyan;cyan;;;1;2026-02-05;1;Risque de rupture imminent
2026-02-04;XAUV006255;;;commande_simple;;;;magenta;magenta;;;1;2026-02-05;1;Risque de rupture imminent
2026-02-04;XAUV006255;;CT003436;contrat_maintenance;;;;magenta;magenta;;;1;2026-02-05;1;Risque de rupture imminent
2026-02-04;XAUV007708;;CT003193;contrat_maintenance;;;;magenta;magenta;;;1;2026-02-05;1;Risque de rupture imminent
2026-02-04;XAUV014211;;;commande_simple;;;;black;black;;;1;2026-02-05;1;Risque de rupture imminent
2026-02-04;XAUV014280;;;commande_simple;;;;cyan;cyan;;;1;2026-02-05;1;Risque de rupture imminent
2026-02-04;XAUV015126;;;commande_simple;;;;black;black;;;1;2026-02-05;1;Risque de rupture imminent
2026-02-04;XAV6003543;;;commande_simple;;;;black;black;;;1;2026-02-05;1;Risque de rupture imminent
2026-02-04;XAV6003543;;CT003490;contrat_maintenance;;;;black;black;;;1;2026-02-05;1;Risque de rupture imminent
2026-02-04;XAVG001643;;CT004094;contrat_maintenance;;;;cyan;cyan;;;1;2026-02-05;1;Risque de rupture imminent
2026-02-04;3774417957;;STCT000641;contrat_maintenance;;;;magenta;magenta;;;2;2026-02-06;1;Risque de rupture imminent
2026-02-04;3990368766;;STCT000601;contrat_maintenance;;;;magenta;magenta;;;2;2026-02-06;1;Risque de rupture imminent
2026-02-04;3MV01331;;CT002831;contrat_maintenance;;;;cyan;cyan;;;2;2026-02-06;1;Risque de rupture imminent
2026-02-04;XAUV000031;;CT002797;contrat_maintenance;;;;black;black;;;2;2026-02-06;1;Risque de rupture imminent
2026-02-04;XAUV000051;;CT002802;contrat_maintenance;;;;black;black;;;2;2026-02-06;1;Risque de rupture imminent
2026-02-04;XAUV013062;;CT003768;contrat_maintenance;;;;black;black;;;2;2026-02-06;1;Risque de rupture imminent
2026-02-04;XAUV014305;;CT003885;contrat_maintenance;;;;black;black;;;2;2026-02-06;1;Risque de rupture imminent
2026-02-04;XAUV015266;;CT003819;contrat_maintenance;;;;black;black;;;2;2026-02-06;1;Risque de rupture imminent
2026-02-04;XAUV018238;;;commande_simple;;;;yellow;yellow;;;2;2026-02-06;1;Risque de rupture imminent
2026-02-04;XBRT001472;;CT003568;contrat_maintenance;;;;magenta;magenta;;;2;2026-02-06;1;Risque de rupture imminent
2026-02-04;35N00736;;CT002845;contrat_maintenance;;;;magenta;magenta;;;3;2026-02-07;1;Risque de rupture imminent
2026-02-04;3MV01331;;CT002831;contrat_maintenance;;;;black;black;;;3;2026-02-07;1;Risque de rupture imminent
2026-02-04;KNDY16327;;CT002639;contrat_maintenance;;;;cyan;cyan;;;3;2026-02-07;1;Risque de rupture imminent
2026-02-04;X3BL124869;;CT003168;contrat_maintenance;;;;black;black;;;3;2026-02-07;1;Risque de rupture imminent
2026-02-04;X6GN008409;;;commande_simple;;;;black;black;;;3;2026-02-07;1;Risque de rupture imminent
2026-02-04;X6GN008409;;CT002588;contrat_maintenance;;;;black;black;;;3;2026-02-07;1;Risque de rupture imminent
2026-02-04;X74R005540;;CT004131;contrat_maintenance;;;;magenta;magenta;;;3;2026-02-07;1;Risque de rupture imminent
2026-02-04;XAUV001456;;CT002938;contrat_maintenance;;;;cyan;cyan;;;3;2026-02-07;1;Risque de rupture imminent
2026-02-04;XAUV005148;;;commande_simple;;;;black;black;;;3;2026-02-07;1;Risque de rupture imminent
2026-02-04;XAUV005148;;CT003008;contrat_maintenance;;;;black;black;;;3;2026-02-07;1;Risque de rupture imminent
2026-02-04;XAUV005148;;CT004225;contrat_maintenance;;;;black;black;;;3;2026-02-07;1;Risque de rupture imminent
2026-02-04;XAUV013698;;;commande_simple;;;;cyan;cyan;;;3;2026-02-07;1;Risque de rupture imminent
2026-02-04;XAUV014770;;;commande_simple;;;;magenta;magenta;;;3;2026-02-07;1;Risque de rupture imminent
2026-02-04;XAUV015148;;;commande_simple;;;;magenta;magenta;;;3;2026-02-07;1;Risque de rupture imminent
2026-02-04;X577000865;;CT002928;contrat_maintenance;;;;cyan;cyan;;;4;2026-02-08;2;A planifier rapidement
2026-02-04;X75G001952;;CT002790;contrat_maintenance;;;;yellow;yellow;;;4;2026-02-08;2;A planifier rapidement
2026-02-04;XAUV007614;;CT003155;contrat_maintenance;;;;black;black;;;4;2026-02-08;2;A planifier rapidement
2026-02-04;XAUV011796;;;commande_simple;;;;yellow;yellow;;;4;2026-02-08;2;A planifier rapidement
2026-02-04;XAUV011796;;CT004165;contrat_maintenance;;;;yellow;yellow;;;4;2026-02-08;2;A planifier rapidement
2026-02-04;XAUV014268;;CT003572;contrat_maintenance;;;;black;black;;;4;2026-02-08;2;A planifier rapidement
2026-02-04;XAUV018842;;;commande_simple;;;;magenta;magenta;;;4;2026-02-08;2;A planifier rapidement
2026-02-04;XAUV019109;;;commande_simple;;;;cyan;cyan;;;4;2026-02-08;2;A planifier rapidement
2026-02-04;XAV6000015;;;commande_simple;;;;magenta;magenta;;;4;2026-02-08;2;A planifier rapidement
2026-02-04;XAV6000015;;CT002681;contrat_maintenance;;;;magenta;magenta;;;4;2026-02-08;2;A planifier rapidement
2026-02-04;XBRT001484;;CT003571;contrat_maintenance;;;;black;black;;;4;2026-02-08;2;A planifier rapidement
2026-02-04;3774282970;;CT001501;contrat_maintenance;;;;yellow;yellow;;;5;2026-02-09;2;A planifier rapidement
2026-02-04;3774421482;;STCT000642;contrat_maintenance;;;;magenta;magenta;;;5;2026-02-09;2;A planifier rapidement
2026-02-04;X3BL116986;;;commande_simple;;;;black;black;;;5;2026-02-09;2;A planifier rapidement
2026-02-04;X3BL116986;;CT003124;contrat_maintenance;;;;black;black;;;5;2026-02-09;2;A planifier rapidement
2026-02-04;X576087429;;CT003108;contrat_maintenance;;;;cyan;cyan;;;5;2026-02-09;2;A planifier rapidement
2026-02-04;X576152365;;;commande_simple;;;;magenta;magenta;;;5;2026-02-09;2;A planifier rapidement
2026-02-04;X576152758;;;commande_simple;;;;yellow;yellow;;;5;2026-02-09;2;A planifier rapidement
2026-02-04;X576152758;;CT003428;contrat_maintenance;;;;yellow;yellow;;;5;2026-02-09;2;A planifier rapidement
2026-02-04;X74R004496;;CT003033;contrat_maintenance;;;;cyan;cyan;;;5;2026-02-09;2;A planifier rapidement
2026-02-04;XAUV000424;;CT002868;contrat_maintenance;;;;black;black;;;5;2026-02-09;2;A planifier rapidement
2026-02-04;XAUV004806;;CT003090;contrat_maintenance;;;;magenta;magenta;;;5;2026-02-09;2;A planifier rapidement
2026-02-04;XAUV013874;;CT003766;contrat_maintenance;;;;black;black;;;5;2026-02-09;2;A planifier rapidement
2026-02-04;XAUV018842;;;commande_simple;;;;yellow;yellow;;;5;2026-02-09;2;A planifier rapidement
2026-02-04;XAV6000668;;CT003010;contrat_maintenance;;;;cyan;cyan;;;5;2026-02-09;2;A planifier rapidement
2026-02-04;XAV6000668;;CT004226;contrat_maintenance;;;;cyan;cyan;;;5;2026-02-09;2;A planifier rapidement
2026-02-04;XAV6003016;;;commande_simple;;;;yellow;yellow;;;5;2026-02-09;2;A planifier rapidement
2026-02-04;XAV6003016;;CT004106;contrat_maintenance;;;;yellow;yellow;;;5;2026-02-09;2;A planifier rapidement
2026-02-04;35N00735;;CT002846;contrat_maintenance;;;;cyan;cyan;;;6;2026-02-10;2;A planifier rapidement
2026-02-04;3773840651;;STCT000781;contrat_maintenance;;;;black;black;;;6;2026-02-10;2;A planifier rapidement
2026-02-04;3774337678;;STCT000461;contrat_maintenance;;;;cyan;cyan;;;6;2026-02-10;2;A planifier rapidement
2026-02-04;3916893875;;CT001242;contrat_maintenance;;;;yellow;yellow;;;6;2026-02-10;2;A planifier rapidement
2026-02-04;3MV01171;;CT002842;contrat_maintenance;;;;cyan;cyan;;;6;2026-02-10;2;A planifier rapidement
2026-02-04;3MV01311;;CT002839;contrat_maintenance;;;;magenta;magenta;;;6;2026-02-10;2;A planifier rapidement
2026-02-04;X576152365;;;commande_simple;;;;cyan;cyan;;;6;2026-02-10;2;A planifier rapidement
2026-02-04;XAUV005367;;;commande_simple;;;;cyan;cyan;;;6;2026-02-10;2;A planifier rapidement
2026-02-04;XAUV005367;;CT003245;contrat_maintenance;;;;cyan;cyan;;;6;2026-02-10;2;A planifier rapidement
2026-02-04;XAUV005367;;CT004248;contrat_maintenance;;;;cyan;cyan;;;6;2026-02-10;2;A planifier rapidement
2026-02-04;XAUV013215;;;commande_simple;;;;cyan;cyan;;;6;2026-02-10;2;A planifier rapidement
2026-02-04;XAUV013215;;CT003783;contrat_maintenance;;;;cyan;cyan;;;6;2026-02-10;2;A planifier rapidement
2026-02-04;XAUV013217;;CT003908;contrat_maintenance;;;;yellow;yellow;;;6;2026-02-10;2;A planifier rapidement
2026-02-04;XAUV014268;;CT003572;contrat_maintenance;;;;magenta;magenta;;;6;2026-02-10;2;A planifier rapidement
2026-02-04;XAUV014960;;;commande_simple;;;;black;black;;;6;2026-02-10;2;A planifier rapidement
2026-02-04;XAVG000149;;;commande_simple;;;;black;black;;;6;2026-02-10;2;A planifier rapidement
2026-02-04;XAVG000149;;CT003502;contrat_maintenance;;;;black;black;;;6;2026-02-10;2;A planifier rapidement
2026-02-04;3742944688;;STCT000477;contrat_maintenance;;;;black;black;;;7;2026-02-11;2;A planifier rapidement
2026-02-04;3743004808;;STCT000853;contrat_maintenance;;;;magenta;magenta;;;7;2026-02-11;2;A planifier rapidement
2026-02-04;3990261589;;CT001247;contrat_maintenance;;;;cyan;cyan;;;7;2026-02-11;2;A planifier rapidement
2026-02-04;XAUV000313;;;commande_simple;;;;magenta;magenta;;;7;2026-02-11;2;A planifier rapidement
2026-02-04;XAUV000313;;CT002715;contrat_maintenance;;;;magenta;magenta;;;7;2026-02-11;2;A planifier rapidement
2026-02-04;XAUV011797;;;commande_simple;;;;yellow;yellow;;;7;2026-02-11;2;A planifier rapidement
2026-02-04;XAUV011797;;CT003888;contrat_maintenance;;;;yellow;yellow;;;7;2026-02-11;2;A planifier rapidement
2026-02-04;XAV6003543;;;commande_simple;;;;yellow;yellow;;;7;2026-02-11;2;A planifier rapidement
2026-02-04;XAV6003543;;CT003490;contrat_maintenance;;;;yellow;yellow;;;7;2026-02-11;2;A planifier rapidement
2026-02-04;3916893875;;CT001242;contrat_maintenance;;;;cyan;cyan;;;8;2026-02-12;3;Peut être regroupé avec d'autres envois
2026-02-04;X576135853;;CT003277;contrat_maintenance;;;;cyan;cyan;;;8;2026-02-12;3;Peut être regroupé avec d'autres envois
2026-02-04;XAUV001473;;CT002951;contrat_maintenance;;;;yellow;yellow;;;8;2026-02-12;3;Peut être regroupé avec d'autres envois
2026-02-04;XAUV005416;;;commande_simple;;;;black;black;;;8;2026-02-12;3;Peut être regroupé avec d'autres envois
2026-02-04;XAUV005416;;CT003040;contrat_maintenance;;;;black;black;;;8;2026-02-12;3;Peut être regroupé avec d'autres envois
2026-02-04;XAUV014560;;;commande_simple;;;;black;black;;;8;2026-02-12;3;Peut être regroupé avec d'autres envois
2026-02-04;XAUV014560;;CT003837;contrat_maintenance;;;;black;black;;;8;2026-02-12;3;Peut être regroupé avec d'autres envois
2026-02-04;X5UP014999;;;commande_simple;;;;black;black;;;9;2026-02-13;3;Peut être regroupé avec d'autres envois
2026-02-04;XAUV005157;;;commande_simple;;;;cyan;cyan;;;9;2026-02-13;3;Peut être regroupé avec d'autres envois
2026-02-04;XAUV005157;;CT003266;contrat_maintenance;;;;cyan;cyan;;;9;2026-02-13;3;Peut être regroupé avec d'autres envois
2026-02-04;XAUV005157;;CT004256;contrat_maintenance;;;;cyan;cyan;;;9;2026-02-13;3;Peut être regroupé avec d'autres envois
2026-02-04;XAUV005157;;;commande_simple;;;;magenta;magenta;;;9;2026-02-13;3;Peut être regroupé avec d'autres envois
2026-02-04;XAUV005157;;CT003266;contrat_maintenance;;;;magenta;magenta;;;9;2026-02-13;3;Peut être regroupé avec d'autres envois
2026-02-04;XAUV005157;;CT004256;contrat_maintenance;;;;magenta;magenta;;;9;2026-02-13;3;Peut être regroupé avec d'autres envois
2026-02-04;XAUV005447;;CT003065;contrat_maintenance;;;;yellow;yellow;;;9;2026-02-13;3;Peut être regroupé avec d'autres envois
2026-02-04;XAUV005918;;CT003756;contrat_maintenance;;;;cyan;cyan;;;9;2026-02-13;3;Peut être regroupé avec d'autres envois
2026-02-04;XAUV014432;;CT004149;contrat_maintenance;;;;yellow;yellow;;;9;2026-02-13;3;Peut être regroupé avec d'autres envois
2026-02-04;660886;;CT004955;contrat_maintenance;;;;black;black;;;10;2026-02-14;3;Peut être regroupé avec d'autres envois
2026-02-04;X576124182;;;commande_simple;;;;magenta;magenta;;;10;2026-02-14;3;Peut être regroupé avec d'autres envois
2026-02-04;X576124182;;CT003100;contrat_maintenance;;;;magenta;magenta;;;10;2026-02-14;3;Peut être regroupé avec d'autres envois
2026-02-04;X74R003815;;CT002570;contrat_maintenance;;;;yellow;yellow;;;10;2026-02-14;3;Peut être regroupé avec d'autres envois
2026-02-04;XAUV005918;;CT003756;contrat_maintenance;;;;yellow;yellow;;;10;2026-02-14;3;Peut être regroupé avec d'autres envois
2026-02-04;XAUV014295;;;commande_simple;;;;black;black;;;10;2026-02-14;3;Peut être regroupé avec d'autres envois
